<?xml version="1.0" encoding="UTF-8"?>
<beans xmlns="http://www.springframework.org/schema/beans"
	xmlns:xsi="http://www.w3.org/2001/XMLSchema-instance" xmlns:dubbo="http://code.alibabatech.com/schema/dubbo"
	xsi:schemaLocation="http://www.springframework.org/schema/beans
    http://www.springframework.org/schema/beans/spring-beans.xsd
    http://code.alibabatech.com/schema/dubbo
    http://code.alibabatech.com/schema/dubbo/dubbo.xsd">

	<!-- 提供方应用信息，用于计算依赖关系 -->
	<dubbo:application name="provider-of-service-app" />

	<dubbo:provider timeout="200000" />
	<dubbo:protocol name="dubbo" port="${service.provider.port}" />
	<!-- <dubbo:protocol name="hessian" port="8080" contextpath="dubbo" server="servlet"/> -->
	<dubbo:consumer check="false" />
	<dubbo:registry protocol="zookeeper" address="${dubbo.zookeeper.addr}"
		file="cache/dubbo.cache" />

	<!-- 向注册中心注册服务 -->
	<dubbo:service id="testApp"
		interface="com.hq.service.test.ITestService" ref="testService"></dubbo:service>
	<!-- 向注册中心订阅服务 -->
	<dubbo:reference id="userService"
		interface="com.hq.common.user.IUserService"></dubbo:reference>
</beans>