<?xml version="1.0" encoding="UTF-8" ?>
<!DOCTYPE mapper PUBLIC "-//mybatis.org//DTD Mapper 3.0//EN" "http://mybatis.org/dtd/mybatis-3-mapper.dtd" >
<mapper namespace="com.hq.common.dao.RoleMapper" >
  <cache eviction="LRU" type="com.hq.common.cacha.RedisCache" />
  <resultMap id="BaseResultMap" type="com.hq.common.entity.Role" >
    <id column="id" property="id" jdbcType="INTEGER" />
    <result column="name" property="name" jdbcType="VARCHAR" />
  </resultMap>
  <sql id="Base_Column_List" >
    id, name
  </sql>
  <select id="selectByPrimaryKey" resultMap="BaseResultMap" parameterType="java.lang.Integer" >
    select 
    <include refid="Base_Column_List" />
    from role
    where id = #{id,jdbcType=INTEGER}
  </select>
  <delete id="deleteByPrimaryKey" parameterType="java.lang.Integer" >
    delete from role
    where id = #{id,jdbcType=INTEGER}
  </delete>
  <insert id="insert" parameterType="com.hq.common.entity.Role" >
    insert into role (id, name)
    values (#{id,jdbcType=INTEGER}, #{name,jdbcType=VARCHAR})
  </insert>
  <insert id="insertSelective" parameterType="com.hq.common.entity.Role" >
    insert into role
    <trim prefix="(" suffix=")" suffixOverrides="," >
      <if test="id != null" >
        id,
      </if>
      <if test="name != null" >
        name,
      </if>
    </trim>
    <trim prefix="values (" suffix=")" suffixOverrides="," >
      <if test="id != null" >
        #{id,jdbcType=INTEGER},
      </if>
      <if test="name != null" >
        #{name,jdbcType=VARCHAR},
      </if>
    </trim>
  </insert>
  <update id="updateByPrimaryKeySelective" parameterType="com.hq.common.entity.Role" >
    update role
    <set >
      <if test="name != null" >
        name = #{name,jdbcType=VARCHAR},
      </if>
    </set>
    where id = #{id,jdbcType=INTEGER}
  </update>
  <update id="updateByPrimaryKey" parameterType="com.hq.common.entity.Role" >
    update role
    set name = #{name,jdbcType=VARCHAR}
    where id = #{id,jdbcType=INTEGER}
  </update>
  
  <select id="getRolesById"  parameterType="com.hq.common.entity.User" resultMap="BaseResultMap">
  		select <include refid="Base_Column_List" />
  		 from role where id in(select roleId from user_role where userId=#{id,jdbcType=INTEGER})
  </select>
  
</mapper>