﻿<?xml version="1.0" encoding="UTF-8" ?>
<!DOCTYPE log4j:configuration SYSTEM "log4j.dtd">

<log4j:configuration xmlns:log4j='http://jakarta.apache.org/log4j/'>


	<!-- console 输出 -->
	<appender name="consoleAppender" class="org.apache.log4j.ConsoleAppender">
		<!-- 设置输出格式 -->
		<layout class="org.apache.log4j.PatternLayout">
			<param name="ConversionPattern" value="%d %-5p [%c] %m%n" />
		</layout>
		<!--过滤记录的日志级别 -->
		<filter class="org.apache.log4j.varia.LevelRangeFilter">
			<param name="LevelMin" value="trace" />
			<param name="LevelMax" value="error" />
		</filter>
	</appender>

	<!-- file 输出error -->
	<appender name="errorFileAppender" class="org.apache.log4j.DailyRollingFileAppender">
		<param name="File" value="/usr/local/logs/error.log" /><!-- 设置日志输出文件名 -->
		<param name="DatePattern" value="'.'yyyy-MM-dd'.log'" />

		<!-- 设置是否在重新启动服务时，在原有日志的基础添加新日志 <param name="Append" value="false" /> -->
		<!-- 备份日志文件的个数,default=2 <param name="MaxBackupIndex" value="2" /> -->
		<!-- 设置日志文件允许最大字节数，default=10M <param name="MaxFileSize" value="100" /> -->

		<!-- 设置输出格式 -->
		<layout class="org.apache.log4j.PatternLayout">
			<param name="ConversionPattern" value="%d %-5p [%c] %m%n" />
		</layout>
		<!--过滤记录的日志级别 -->
		<filter class="org.apache.log4j.varia.LevelRangeFilter">
			<param name="LevelMin" value="error" />
		</filter>
	</appender>

	<!-- file 输出debug -->
	<appender name="debugFileAppender" class="org.apache.log4j.DailyRollingFileAppender">
		<param name="File" value="/usr/local/logs/debug.log" /><!-- 设置日志输出文件名 -->
		<param name="DatePattern" value="'.'yyyy-MM-dd'.log'" />
		<!-- 设置输出格式 -->
		<layout class="org.apache.log4j.PatternLayout">
			<param name="ConversionPattern" value="%d %-5p [%c] %m%n" />
		</layout>
		<!--过滤记录的日志级别 -->
		<filter class="org.apache.log4j.varia.LevelRangeFilter">
			<param name="LevelMin" value="debug" />
			<param name="LevelMax" value="debug" />
			<param name="AcceptOnMatch" value="true" />
		</filter>
	</appender>
	
	<!-- file 输出info -->
	<appender name="infoFileAppender" class="org.apache.log4j.DailyRollingFileAppender">
		<param name="File" value="/usr/local/logs/info.log" /><!-- 设置日志输出文件名 -->
		<param name="DatePattern" value="'.'yyyy-MM-dd'.log'" />
		<!-- 设置输出格式 -->
		<layout class="org.apache.log4j.PatternLayout">
			<param name="ConversionPattern" value="%d %-5p [%c] %m%n" />
		</layout>
		<!--过滤记录的日志级别 -->
		<filter class="org.apache.log4j.varia.LevelRangeFilter">
			<param name="LevelMin" value="info" />
			<param name="AcceptOnMatch" value="true" />
		</filter>
	</appender>


	<root>
		<level value="info" />
		<appender-ref ref="consoleAppender" />
		<appender-ref ref="debugFileAppender" />
		<appender-ref ref="errorFileAppender" />
		<appender-ref ref="infoFileAppender"/>
	</root>




</log4j:configuration>