<beans xmlns="http://www.springframework.org/schema/beans"
	xmlns:xsi="http://www.w3.org/2001/XMLSchema-instance"
	xsi:schemaLocation="http://www.springframework.org/schema/beans   http://www.springframework.org/schema/beans/spring-beans.xsd">

	<!-- Activiti处理引擎的配置，交由Spring管理 -->
	<bean id="processEngineConfiguration" class="org.activiti.spring.SpringProcessEngineConfiguration">

		<!-- 历史级别 -->
		<property name="history" value="full" />

		<!-- 配置数据源,和系统使用同一个数据源 -->
		<property name="dataSource" ref="myDatasoure" />
		<!-- 启动创建activiti相关表 -->
		<property name="databaseSchemaUpdate" value="false" />
		<!-- 是否启动jobExecutor -->
		<property name="jobExecutorActivate" value="false" />
		<!-- 统一的事务管理 -->
		<property name="transactionManager" ref="myTransactionMgr" />

		<property name="activityFontName" value="宋体" />
		<property name="labelFontName" value="宋体" />

		<property name="deploymentResources">
			<list>
				<value>classpath*:bpmn/*.bpmn</value>
				<value>classpath*:bpmn/*.bpmn20.xml</value>
			</list>
		</property>

		

		<!-- 自动进行流程文件部署 value="classpath*:xxxx/*.bpmn" 多个流程文件 <property name="deploymentResources" 
			value="classpath*:xxxx/*.bpmn"> <list> <value>/xxxx/xxxx.bpmn</value>已知的多份 
			</list> </property> -->
	</bean>


	<!-- 流程引擎交由spring IoC 管理 -->
	<bean id="processEngine" class="org.activiti.spring.ProcessEngineFactoryBean">
		<property name="processEngineConfiguration" ref="processEngineConfiguration" />
	</bean>



</beans>