<?xml version="1.0" encoding="UTF-8"?>
<beans xmlns="http://www.springframework.org/schema/beans"
	xmlns:xsi="http://www.w3.org/2001/XMLSchema-instance"
	xsi:schemaLocation="http://www.springframework.org/schema/beans
  http://www.springframework.org/schema/beans/spring-beans-3.0.xsd">
	
	<!-- Session Factory -->
	<bean id="mySessionFactory" class="org.mybatis.spring.SqlSessionFactoryBean">
		<property name="dataSource" ref="myDatasoure" />
		<!-- 自动扫描entity目录, 省掉Configuration.xml里的手工配置 -->
		<property name="mapperLocations" value="classpath*:mybatis/mappers/**/*.xml" />
		
		<!-- 开启缓存支持 -->
        <property name="configurationProperties">
            <props>
                <prop key="cacheEnabled">true</prop>
                <!-- 查询时，关闭关联对象即时加载以提高性能 -->
                <prop key="lazyLoadingEnabled">false</prop>
                <!-- 设置关联对象加载的形态，此处为按需加载字段(加载字段由SQL指定)，不会加载关联表的所有字段，以提高性能 -->
                <prop key="aggressiveLazyLoading">true</prop>
                <!-- 对于未知的SQL查询，允许返回不同的结果集以达到通用的效果 -->
                <prop key="multipleResultSetsEnabled">true</prop>
                <!-- 允许使用列标签代替列名 -->
                <prop key="useColumnLabel">true</prop>
                <!-- 允许使用自定义的主键值(比如由程序生成的UUID 32位编码作为键值)，数据表的PK生成策略将被覆盖 -->
                <prop key="useGeneratedKeys">true</prop>
                <!-- 给予被嵌套的resultMap以字段-属性的映射支持 -->
                <prop key="autoMappingBehavior">FULL</prop>
                <!-- 对于批量更新操作缓存SQL以提高性能 -->
                <prop key="defaultExecutorType">BATCH</prop>
                <!-- 数据库超过25000秒仍未响应则超时 -->
                <prop key="defaultStatementTimeout">25000</prop>
            </props>
        </property>
		
	</bean>
	
</beans>