<?xml version="1.0" encoding="UTF-8"?>
<beans xmlns="http://www.springframework.org/schema/beans"
	xmlns:xsi="http://www.w3.org/2001/XMLSchema-instance"
	xsi:schemaLocation="http://www.springframework.org/schema/beans
  http://www.springframework.org/schema/beans/spring-beans-3.0.xsd">
	
	<bean id="myDatasoure" class="com.alibaba.druid.pool.DruidDataSource"
		init-method="init" destroy-method="close">

		<!-- 用于监控的时候可以通过名字区分 如果没有配置，将会生成一个名字，格式是："DataSource-" + System.identityHashCode(this) -->
		<property name="name" value="myDatasoure"></property>

		<!-- DataBase driver class 
		<property name="driverClassName" value="oracle.jdbc.driver.OracleDriver" />-->
		
		<property name="dbType" value="mysql"></property>
		
		<!-- 基本属性 url、user、password -->
		<property name="url" value="${db.url}" />
		<property name="username" value="${db.username}" />
		<property name="password" value="${db.password}" />
		<!--
		<property name="connectProperties">
			<props>
				<prop key="password">
				</prop>
			</props>
		</property>
		  是否启用对称加密算法-加密DB密码
		<property name="passwordCallback">
			<bean class="com.csair.amms2.commons.security.DBPasswordCallback" />
		</property>-->

		<!-- 配置获取连接时最大等待时间，单位毫秒 但并发会有效下降 -->
		<property name="maxWait" value="60000" />

		<!--maxActive: 最大连接数量 -->
		<property name="maxActive" value="30" />
		<!--initialSize: 初始化连接 -->
		<property name="initialSize" value="1" />
		<!-- 最小连接池数量 -->
		<property name="minIdle" value="1" />

		
		<property name="validationQuery" value="SELECT 'x'" />
		<property name="testWhileIdle" value="true" />
		<property name="testOnBorrow" value="false" />
		<property name="testOnReturn" value="false" />
		

		<!-- PSCache对支持游标的数据库性能提升巨大，（Oracle使用） -->
		<property name="poolPreparedStatements" value="true"/>

		<property name="maxOpenPreparedStatements" value="20"/>

		<!-- 属性类型是字符串，通过别名的方式配置扩展插件，常用的插件有：监控统计用的filter:stat 日志用的filter:log4j 防御sql注入的filter:wall -->
		<property name="filters" value="config,stat,slf4j" />
		<property name="connectionProperties" value="config.decrypt=true;config.decrypt.key=${db.publickey}" />

	</bean>

</beans>