<?xml version="1.0" encoding="UTF-8"?>
<beans xmlns="http://www.springframework.org/schema/beans"
    xmlns:xsi="http://www.w3.org/2001/XMLSchema-instance" xmlns:context="http://www.springframework.org/schema/context"
    xmlns:p="http://www.springframework.org/schema/p"
    xsi:schemaLocation="http://www.springframework.org/schema/aop http://www.springframework.org/schema/aop/spring-aop-4.1.xsd
        http://www.springframework.org/schema/beans http://www.springframework.org/schema/beans/spring-beans-4.1.xsd
        http://www.springframework.org/schema/context http://www.springframework.org/schema/context/spring-context-4.1.xsd">

    <bean id="jedisPoolConfig" class="redis.clients.jedis.JedisPoolConfig">
        <property name="maxIdle" value="2000" />
        <property name="maxTotal" value="20000" />
        <property name="minEvictableIdleTimeMillis" value="300000"></property>
        <property name="numTestsPerEvictionRun" value="3"></property>
        <property name="timeBetweenEvictionRunsMillis" value="60000"></property>
        <property name="maxWaitMillis" value="20000" />
        <property name="testOnBorrow" value="false" />
    </bean>

    <!-- <bean id="sentinelConfig"
        class="org.springframework.data.redis.connection.RedisSentinelConfiguration">
        <property name="master">
            <bean class="org.springframework.data.redis.connection.RedisNode">
                <property name="name" value="mymaster"></property>
            </bean>
        </property>
        <property name="sentinels">
            <set>
                <bean class="org.springframework.data.redis.connection.RedisNode">
                    <constructor-arg name="host" value="127.0.0.1" />
                    <constructor-arg name="port" value="6379" />
                </bean>
                <bean class="org.springframework.data.redis.connection.RedisNode">
                    <constructor-arg name="host" value="192.168.12.90" />
                    <constructor-arg name="port" value="7506" />
                </bean>
            </set>
        </property>
    </bean> -->
    <!-- 在此将sentinel配置集成到redis连接池中 -->
    <bean id="jedisConnectionFactory"
        class="org.springframework.data.redis.connection.jedis.JedisConnectionFactory">
        <property name="timeout" value="20000"></property>
        <property name="hostName" value="127.0.0.1"></property>
        <property name="port" value="6379"></property>
        <property name="poolConfig" ref="jedisPoolConfig"></property>
        <!-- <constructor-arg name="sentinelConfig" ref="sentinelConfig"></constructor-arg> -->
    </bean>

    <bean id="redisTemplate" class="org.springframework.data.redis.core.RedisTemplate">
        <property name="connectionFactory" ref="jedisConnectionFactory" />
        <property name="keySerializer">
            <bean class="org.springframework.data.redis.serializer.StringRedisSerializer"/>
        </property>
        <property name="valueSerializer">
            <bean class="org.springframework.data.redis.serializer.JdkSerializationRedisSerializer"/>
        </property>
    </bean>
    
	<import resource="classpath*:spring/common-mybatis.xml" />
</beans>