<?xml version="1.0" encoding="UTF-8" ?>
<!DOCTYPE generatorConfiguration PUBLIC "-//mybatis.org//DTD MyBatis Generator Configuration 1.0//EN" "http://mybatis.org/dtd/mybatis-generator-config_1_0.dtd" >
<generatorConfiguration >

<!-- 数据库驱动包位置 -->  
    <classPathEntry  
        location="D:\maven\repositories\mysql\mysql-connector-java\5.1.39\mysql-connector-java-5.1.39.jar" />  
    <context id="context1">  
        <commentGenerator>  
            <!-- 是否去除自动生成的注释 true：是 ： false:否 -->  
            <property name="suppressAllComments" value="true"/>  
        </commentGenerator> 
  <!-- <context id="context1" > -->
    <jdbcConnection driverClass="com.mysql.jdbc.Driver" connectionURL="jdbc:mysql://127.0.0.1:3306/test" userId="root" password="a" />
    <javaModelGenerator targetPackage="com.hq.common.entity" targetProject="common/src/main/java" />
    <sqlMapGenerator targetPackage="mybatis.mappers" targetProject="common/src/main/resources" />
    <javaClientGenerator targetPackage="com.hq.common.dao" targetProject="common/src/main/java" type="XMLMAPPER" />
    <table schema="test" tableName="tb_pr_apply_info" enableCountByExample="false" enableUpdateByExample="false" enableDeleteByExample="false" enableSelectByExample="true" selectByExampleQueryId="false" > </table>
  </context>
</generatorConfiguration>