<?xml version="1.0" encoding="UTF-8"?>
<beans xmlns="http://www.springframework.org/schema/beans"
	xmlns:xsi="http://www.w3.org/2001/XMLSchema-instance" xmlns:dubbo="http://code.alibabatech.com/schema/dubbo"
	xsi:schemaLocation="http://www.springframework.org/schema/beans
    http://www.springframework.org/schema/beans/spring-beans.xsd
    http://code.alibabatech.com/schema/dubbo
    http://code.alibabatech.com/schema/dubbo/dubbo.xsd">

	<!-- 提供方应用信息，用于计算依赖关系 -->
	<dubbo:application name="consumer-of-web-app" />
	<dubbo:consumer timeout="100000" check="false"></dubbo:consumer>
	<!-- 使用zookeeper注册中心暴露服务地址 -->
	<dubbo:registry protocol="zookeeper" address="${dubbo.zookeeper.addr}" check="false"
		file="cache/dubbo.cache" />
	<!-- <dubbo:registry address="N/A" ></dubbo:registry> -->

	<!-- 向注册中心订阅服务 -->
	<dubbo:reference id="testApp"
		interface="com.hq.service.test.ITestService"></dubbo:reference>
		
	<dubbo:reference id="userApp"
		interface="com.hq.common.user.IUserService"></dubbo:reference>
</beans>