<?xml version="1.0" encoding="UTF-8"?>
<beans xmlns="http://www.springframework.org/schema/beans"
	xmlns:xsi="http://www.w3.org/2001/XMLSchema-instance" xmlns:context="http://www.springframework.org/schema/context"
	xmlns:mvc="http://www.springframework.org/schema/mvc" xmlns:aop="http://www.springframework.org/schema/aop"
	xsi:schemaLocation="http://www.springframework.org/schema/beans
  http://www.springframework.org/schema/beans/spring-beans-3.2.xsd
  http://www.springframework.org/schema/aop
  http://www.springframework.org/schema/aop/spring-aop-3.2.xsd 
  http://www.springframework.org/schema/context
  http://www.springframework.org/schema/context/spring-context-3.2.xsd
  http://www.springframework.org/schema/mvc
  http://www.springframework.org/schema/mvc/spring-mvc-3.2.xsd">

	<description>spring-mvc-context</description>


	<!-- 加载配置属性文件 -->
	<context:property-placeholder
		ignore-unresolvable="true" location="classpath*:config/config.properties" />

	<!-- 国际化配置文件 -->
	<bean id="messageSource"
		class="org.springframework.context.support.ResourceBundleMessageSource">
		<property name="basename" value="applicationResources" />
	</bean>

	<!-- 启动注解驱动的Spring MVC功能，注册请求url和注解POJO类方法的映射 -->
	<mvc:annotation-driven />
   <mvc:interceptors>  
    <!-- 国际化操作拦截器 如果采用基于（请求/Session/Cookie）则必需配置 --> 
    <bean class="org.springframework.web.servlet.i18n.LocaleChangeInterceptor" />  
    <!-- 如果不定义 mvc:mapping path 将拦截所有的URL请求 -->
	</mvc:interceptors>
	<!-- 启动包扫描功能，以便注册带有@Controller、@Service、@repository、@Component等注解的类成为spring的bean -->
	<context:component-scan base-package="com.hq"></context:component-scan>
	<aop:aspectj-autoproxy />

<!-- 定义无Controller的path<->view直接映射 -->
	<mvc:view-controller path="/" view-name="forward:/login.jsp"/> 
<!-- 对模型视图名称的解析，即在模型视图名称添加前后缀 -->
	<bean class="org.springframework.web.servlet.mvc.annotation.AnnotationMethodHandlerAdapter" />
	<bean id="viewResolver"
		class="org.springframework.web.servlet.view.InternalResourceViewResolver">
		<!-- 是否使用jstl组件 <property name="viewClass" value="org.springframework.web.servlet.view.JstlView"></property> -->
		<property name="prefix" value="${web.view.prefix}"></property>
		<property name="suffix" value="${web.view.suffix}"></property>
		<property name="order" value="1"></property>
	</bean>

	<!-- springmvc 访问静态资源 -->
	<mvc:resources location="/assets/" mapping="/assets/**" />
	<mvc:resources location="/WEB-INF/public/" mapping="/public/**" />
	<mvc:resources location="/WEB-INF/static/" mapping="/static/**" />

	<!-- japser视图名称解析 -->
	<!-- <bean id="jasperReportsViewResolver"
		class="org.springframework.web.servlet.view.jasperreports.JasperReportsViewResolver">
		<property name="order" value="0" />	视图渲染优先级，此处为0，优先于渲染JSP
		<property name="viewClass"
			value="com.csair.amms2.commons.utils.report.JasperReportView" />  继承于JasperReportsMultiFormatView
		<property name="prefix" value="${web.report.prefix}" />	模板前缀
		<property name="suffix" value="${web.report.suffix}" />	模板后缀
		<property name="viewNames" value="${web.report.viewName}" />	试图渲染所有以"-report"结尾的视图名(viewName)
		<property name="cache" value="false" />	缓存模板(false时，每次请求都会重新加载模板，建议debug模板时设置为false)
		<property name="reportDataKey">
			<value>datasource</value>
		</property>
		<property name="exporterParameters">	渲染时的相关参数
			<map>
				<entry
					key="net.sf.jasperreports.engine.export.JRHtmlExporterParameter.CHARACTER_ENCODING"
					value="UTF-8" />
				<entry
					key="net.sf.jasperreports.engine.export.JRCsvExporterParameter.CHARACTER_ENCODING"
					value="UTF-8" />
			</map>
		</property>
	</bean> -->
	<!-- jasper end -->
	
	<!-- 框架异常处理Handler -->
	<bean id="exceptionResolver" class="com.hq.web.exception.MyExceptionResolver"></bean>
	<!-- 验证码 -->
	<bean id="captchaProducer" class="com.google.code.kaptcha.impl.DefaultKaptcha">  
        <property name="config">  
            <bean class="com.google.code.kaptcha.util.Config">  
                <constructor-arg>  
                    <props>  
                        <prop key="kaptcha.border">yes</prop>  
                        <prop key="kaptcha.border.color">105,179,90</prop>  
                        <prop key="kaptcha.textproducer.font.color">blue</prop>  
                        <prop key="kaptcha.image.width">125</prop>  
                        <prop key="kaptcha.image.height">45</prop>  
                        <prop key="kaptcha.textproducer.font.size">45</prop>  
                        <prop key="kaptcha.session.key">code</prop>  
                        <prop key="kaptcha.textproducer.char.length">4</prop>  
                        <prop key="kaptcha.textproducer.font.names">宋体,楷体,微软雅黑</prop>  
                    </props>  
                </constructor-arg>  
            </bean>  
        </property>  
    </bean>
</beans>
  